,date,time,timestamp,totalSnow_cm,sunrise,sunset,tempC,FeelsLikeC,HeatIndexC,windspeedKmph,weatherCode,precipMM,humidity,visibility,pressure,cloudcover
0,2019-12-01,0.0,1575154800.0,0.1,513,1008,0,-3,0,10,119,0.0,92,10,1024,58
1,2019-12-01,60.0,1575158400.0,0.1,513,1008,1,-2,1,9,119,0.0,92,10,1024,66
2,2019-12-01,120.0,1575162000.0,0.1,513,1008,1,-2,1,9,116,0.0,91,10,1024,73
3,2019-12-01,180.0,1575165600.0,0.1,513,1008,1,-1,1,8,116,0.0,91,10,1025,81
4,2019-12-01,240.0,1575169200.0,0.1,513,1008,1,-1,1,8,116,0.0,90,9,1025,87
5,2019-12-01,300.0,1575172800.0,0.1,513,1008,2,-1,2,8,368,0.0,89,9,1025,93
6,2019-12-01,360.0,1575176400.0,0.1,513,1008,2,-0,2,7,368,0.0,89,8,1025,99
7,2019-12-01,420.0,1575180000.0,0.1,513,1008,2,0,2,7,368,0.0,85,8,1025,81
8,2019-12-01,480.0,1575183600.0,0.1,513,1008,3,1,3,6,371,0.0,82,9,1025,62
9,2019-12-01,540.0,1575187200.0,0.1,513,1008,3,2,3,6,371,0.0,79,9,1024,43
10,2019-12-01,600.0,1575190800.0,0.1,513,1008,4,2,4,6,371,0.0,74,9,1024,31
11,2019-12-01,660.0,1575194400.0,0.1,513,1008,5,3,5,7,323,0.0,69,10,1024,19
12,2019-12-01,720.0,1575198000.0,0.1,513,1008,5,4,5,7,323,0.0,64,10,1024,7
13,2019-12-01,780.0,1575201600.0,0.1,513,1008,5,3,5,7,323,0.0,65,10,1023,27
14,2019-12-01,840.0,1575205200.0,0.1,513,1008,4,2,4,8,116,0.0,66,10,1023,47
15,2019-12-01,900.0,1575208800.0,0.1,513,1008,4,2,4,8,116,0.0,66,10,1022,67
16,2019-12-01,960.0,1575212400.0,0.1,513,1008,3,1,3,8,116,0.0,69,10,1022,78
17,2019-12-01,1020.0,1575216000.0,0.1,513,1008,3,0,3,8,122,0.0,71,10,1022,89
18,2019-12-01,1080.0,1575219600.0,0.1,513,1008,2,-0,2,8,122,0.0,73,10,1022,100
19,2019-12-01,1140.0,1575223200.0,0.1,513,1008,2,-0,2,7,122,0.0,73,10,1022,89
20,2019-12-01,1200.0,1575226800.0,0.1,513,1008,2,-1,2,7,122,0.0,73,10,1021,78
21,2019-12-01,1260.0,1575230400.0,0.1,513,1008,1,-1,1,6,122,0.0,74,10,1021,67
22,2019-12-01,1320.0,1575234000.0,0.1,513,1008,1,-1,1,7,122,0.0,73,10,1021,73
23,2019-12-01,1380.0,1575237600.0,0.1,513,1008,1,-1,1,8,116,0.0,73,10,1021,78
24,2019-12-02,0.0,1575241200.0,0.1,514,1008,1,-2,1,9,116,0.0,72,10,1020,84
25,2019-12-02,60.0,1575244800.0,0.1,514,1008,1,-2,1,10,116,0.0,73,10,1020,75
26,2019-12-02,120.0,1575248400.0,0.1,514,1008,1,-2,1,10,122,0.0,73,10,1019,66
27,2019-12-02,180.0,1575252000.0,0.1,514,1008,1,-2,1,10,122,0.0,74,10,1019,58
28,2019-12-02,240.0,1575255600.0,0.1,514,1008,1,-3,1,11,122,0.0,76,10,1019,65
29,2019-12-02,300.0,1575259200.0,0.1,514,1008,0,-3,0,11,116,0.0,79,10,1019,72
30,2019-12-02,360.0,1575262800.0,0.1,514,1008,0,-4,0,12,116,0.0,82,10,1019,79
31,2019-12-02,420.0,1575266400.0,0.1,514,1008,1,-3,1,13,116,0.0,82,10,1019,86
32,2019-12-02,480.0,1575270000.0,0.1,514,1008,1,-3,1,15,122,0.0,82,10,1019,93
33,2019-12-02,540.0,1575273600.0,0.1,514,1008,1,-3,1,17,122,0.0,83,10,1019,100
34,2019-12-02,600.0,1575277200.0,0.1,514,1008,2,-3,2,19,122,0.0,80,10,1019,100
35,2019-12-02,660.0,1575280800.0,0.1,514,1008,2,-2,2,20,122,0.0,76,10,1019,100
36,2019-12-02,720.0,1575284400.0,0.1,514,1008,3,-2,3,22,122,0.0,73,10,1019,100
37,2019-12-02,780.0,1575288000.0,0.1,514,1008,3,-2,3,23,122,0.0,76,9,1019,100
38,2019-12-02,840.0,1575291600.0,0.1,514,1008,3,-2,3,24,326,0.0,79,8,1019,100
39,2019-12-02,900.0,1575295200.0,0.1,514,1008,3,-2,3,25,326,0.0,82,7,1019,100
40,2019-12-02,960.0,1575298800.0,0.1,514,1008,3,-2,3,24,326,0.0,82,7,1020,100
41,2019-12-02,1020.0,1575302400.0,0.1,514,1008,3,-2,3,24,332,0.0,83,8,1020,100
42,2019-12-02,1080.0,1575306000.0,0.1,514,1008,3,-3,3,23,332,0.0,84,8,1020,100
43,2019-12-02,1140.0,1575309600.0,0.1,514,1008,2,-2,3,23,332,0.0,84,7,1021,100
44,2019-12-02,1200.0,1575313200.0,0.1,514,1008,2,-1,3,24,122,0.3,85,6,1021,100
45,2019-12-02,1260.0,1575316800.0,0.1,514,1008,1,-0,4,24,122,0.4,85,5,1022,100
46,2019-12-02,1320.0,1575320400.0,0.1,514,1008,1,-1,3,23,122,0.2,86,4,1022,100
47,2019-12-02,1380.0,1575324000.0,0.1,514,1008,1,-1,3,22,338,0.3,87,3,1022,100
48,2019-12-03,0.0,1575327600.0,1.0,515,1007,1,-2,3,21,338,0.4,88,2,1023,100
49,2019-12-03,60.0,1575331200.0,1.0,515,1007,1,-2,2,21,338,0.2,88,3,1023,100
50,2019-12-03,120.0,1575334800.0,1.0,515,1007,2,-3,2,21,338,0.1,89,3,1023,100
51,2019-12-03,180.0,1575338400.0,1.0,515,1007,2,-3,2,21,338,0.1,89,4,1023,100
52,2019-12-03,240.0,1575342000.0,1.0,515,1007,1,-3,1,19,338,0.1,89,5,1024,99
53,2019-12-03,300.0,1575345600.0,1.0,515,1007,1,-3,1,18,332,0.0,89,6,1025,97
54,2019-12-03,360.0,1575349200.0,1.0,515,1007,1,-3,1,17,332,0.0,89,6,1025,96
55,2019-12-03,420.0,1575352800.0,1.0,515,1007,1,-3,1,15,332,0.0,88,7,1026,79
56,2019-12-03,480.0,1575356400.0,1.0,515,1007,1,-3,1,14,371,0.0,87,8,1026,63
57,2019-12-03,540.0,1575360000.0,1.0,515,1007,1,-3,1,13,371,0.0,86,9,1027,47
58,2019-12-03,600.0,1575363600.0,1.0,515,1007,2,-2,2,13,371,0.0,82,9,1027,38
59,2019-12-03,660.0,1575367200.0,1.0,515,1007,2,-1,2,12,323,0.0,79,10,1028,30
60,2019-12-03,720.0,1575370800.0,1.0,515,1007,3,-1,3,11,323,0.0,75,10,1028,21
61,2019-12-03,780.0,1575374400.0,1.0,515,1007,2,-1,2,10,323,0.0,76,10,1028,24
62,2019-12-03,840.0,1575378000.0,1.0,515,1007,2,-1,2,9,323,0.0,78,10,1028,27
63,2019-12-03,900.0,1575381600.0,1.0,515,1007,2,-1,2,8,323,0.0,79,10,1027,29
64,2019-12-03,960.0,1575385200.0,1.0,515,1007,1,-1,1,8,323,0.0,81,10,1028,34
65,2019-12-03,1020.0,1575388800.0,1.0,515,1007,1,-2,1,8,116,0.0,83,10,1028,38
66,2019-12-03,1080.0,1575392400.0,1.0,515,1007,1,-2,1,8,116,0.0,85,10,1028,42
67,2019-12-03,1140.0,1575396000.0,1.0,515,1007,0,-2,0,9,116,0.0,84,10,1028,49
68,2019-12-03,1200.0,1575399600.0,1.0,515,1007,0,-3,0,9,116,0.0,83,10,1028,56
69,2019-12-03,1260.0,1575403200.0,1.0,515,1007,0,-3,0,10,116,0.0,82,10,1028,63
70,2019-12-03,1320.0,1575406800.0,1.0,515,1007,1,-3,1,11,116,0.0,79,10,1028,69
71,2019-12-03,1380.0,1575410400.0,1.0,515,1007,1,-2,1,11,119,0.0,77,10,1027,76
72,2019-12-04,0.0,1575414000.0,0.0,517,1007,1,-2,1,12,119,0.0,75,10,1027,82
73,2019-12-04,60.0,1575417600.0,0.0,517,1007,2,-1,2,12,119,0.0,77,10,1027,87
74,2019-12-04,120.0,1575421200.0,0.0,517,1007,2,-1,2,12,119,0.0,79,10,1027,91
75,2019-12-04,180.0,1575424800.0,0.0,517,1007,3,-0,3,12,119,0.0,82,10,1026,96
76,2019-12-04,240.0,1575428400.0,0.0,517,1007,3,-1,3,12,119,0.0,84,10,1026,89
77,2019-12-04,300.0,1575432000.0,0.0,517,1007,2,-1,2,12,122,0.0,85,10,1026,82
78,2019-12-04,360.0,1575435600.0,0.0,517,1007,2,-1,2,12,122,0.0,87,10,1026,76
79,2019-12-04,420.0,1575439200.0,0.0,517,1007,2,-1,2,12,122,0.0,85,10,1026,67
80,2019-12-04,480.0,1575442800.0,0.0,517,1007,3,-0,3,12,119,0.0,83,10,1026,59
81,2019-12-04,540.0,1575446400.0,0.0,517,1007,3,0,3,12,119,0.0,81,10,1026,50
82,2019-12-04,600.0,1575450000.0,0.0,517,1007,4,1,4,12,119,0.0,78,10,1026,48
83,2019-12-04,660.0,1575453600.0,0.0,517,1007,5,2,5,12,116,0.0,75,10,1026,46
84,2019-12-04,720.0,1575457200.0,0.0,517,1007,6,3,6,12,116,0.0,72,10,1026,43
85,2019-12-04,780.0,1575460800.0,0.0,517,1007,5,3,5,11,116,0.0,73,10,1026,37
86,2019-12-04,840.0,1575464400.0,0.0,517,1007,5,2,5,11,116,0.0,75,10,1026,31
87,2019-12-04,900.0,1575468000.0,0.0,517,1007,5,2,5,10,116,0.0,76,10,1026,25
88,2019-12-04,960.0,1575471600.0,0.0,517,1007,4,1,4,10,116,0.0,77,10,1026,21
89,2019-12-04,1020.0,1575475200.0,0.0,517,1007,3,0,3,10,116,0.0,79,10,1026,17
90,2019-12-04,1080.0,1575478800.0,0.0,517,1007,3,-0,3,10,116,0.0,80,10,1026,13
91,2019-12-04,1140.0,1575482400.0,0.0,517,1007,2,-1,2,10,116,0.0,78,10,1026,12
92,2019-12-04,1200.0,1575486000.0,0.0,517,1007,2,-2,2,10,116,0.0,75,10,1026,12
93,2019-12-04,1260.0,1575489600.0,0.0,517,1007,1,-2,1,10,116,0.0,73,10,1026,11
94,2019-12-04,1320.0,1575493200.0,0.0,517,1007,1,-3,1,11,116,0.0,71,10,1026,11
95,2019-12-04,1380.0,1575496800.0,0.0,517,1007,1,-3,1,12,116,0.0,69,10,1026,10
96,2019-12-05,0.0,1575500400.0,0.0,518,1006,0,-4,0,12,116,0.0,67,10,1026,10
97,2019-12-05,60.0,1575504000.0,0.0,518,1006,0,-4,0,13,116,0.0,66,10,1025,9
98,2019-12-05,120.0,1575507600.0,0.0,518,1006,0,-4,0,13,116,0.0,64,10,1025,8
99,2019-12-05,180.0,1575511200.0,0.0,518,1006,0,-4,0,13,116,0.0,63,10,1024,7
100,2019-12-05,240.0,1575514800.0,0.0,518,1006,-0,-4,-0,14,116,0.0,63,10,1024,6
101,2019-12-05,300.0,1575518400.0,0.0,518,1006,-0,-4,-0,14,116,0.0,63,10,1024,5
102,2019-12-05,360.0,1575522000.0,0.0,518,1006,-0,-5,-0,14,116,0.0,64,10,1024,4
103,2019-12-05,420.0,1575525600.0,0.0,518,1006,0,-4,0,15,116,0.0,63,10,1024,4
104,2019-12-05,480.0,1575529200.0,0.0,518,1006,1,-4,1,16,116,0.0,62,10,1024,3
105,2019-12-05,540.0,1575532800.0,0.0,518,1006,1,-4,1,17,116,0.0,61,10,1024,3
106,2019-12-05,600.0,1575536400.0,0.0,518,1006,2,-3,2,17,116,0.0,60,10,1023,2
107,2019-12-05,660.0,1575540000.0,0.0,518,1006,2,-2,2,16,116,0.0,59,10,1023,1
108,2019-12-05,720.0,1575543600.0,0.0,518,1006,3,-1,3,15,116,0.0,58,10,1023,1
109,2019-12-05,780.0,1575547200.0,0.0,518,1006,3,-1,3,14,116,0.0,61,10,1022,1
110,2019-12-05,840.0,1575550800.0,0.0,518,1006,3,-1,3,13,113,0.0,64,10,1022,0
111,2019-12-05,900.0,1575554400.0,0.0,518,1006,3,-1,3,12,113,0.0,68,10,1022,0
112,2019-12-05,960.0,1575558000.0,0.0,518,1006,2,-1,2,12,113,0.0,70,10,1021,0
113,2019-12-05,1020.0,1575561600.0,0.0,518,1006,1,-2,1,12,113,0.0,73,10,1021,0
114,2019-12-05,1080.0,1575565200.0,0.0,518,1006,1,-3,1,12,113,0.0,75,10,1021,0
115,2019-12-05,1140.0,1575568800.0,0.0,518,1006,1,-3,1,12,113,0.0,76,10,1021,0
116,2019-12-05,1200.0,1575572400.0,0.0,518,1006,0,-3,0,12,113,0.0,77,10,1021,0
117,2019-12-05,1260.0,1575576000.0,0.0,518,1006,0,-4,0,12,113,0.0,78,10,1021,0
118,2019-12-05,1320.0,1575579600.0,0.0,518,1006,0,-4,0,12,113,0.0,79,10,1021,0
119,2019-12-05,1380.0,1575583200.0,0.0,518,1006,0,-3,0,12,113,0.0,79,10,1020,0
120,2019-12-06,0.0,1575586800.0,0.0,519,1006,0,-3,0,12,113,0.0,80,10,1020,0
121,2019-12-06,60.0,1575590400.0,0.0,519,1006,0,-4,0,12,113,0.0,78,10,1020,0
122,2019-12-06,120.0,1575594000.0,0.0,519,1006,-0,-4,-0,12,113,0.0,77,10,1019,0
123,2019-12-06,180.0,1575597600.0,0.0,519,1006,-1,-5,-1,13,113,0.0,76,10,1019,0
124,2019-12-06,240.0,1575601200.0,0.0,519,1006,-1,-5,-1,13,113,0.0,73,10,1018,0
125,2019-12-06,300.0,1575604800.0,0.0,519,1006,-1,-5,-1,13,113,0.0,71,10,1018,0
126,2019-12-06,360.0,1575608400.0,0.0,519,1006,-1,-5,-1,13,113,0.0,69,10,1018,0
127,2019-12-06,420.0,1575612000.0,0.0,519,1006,0,-4,0,14,113,0.0,64,10,1018,0
128,2019-12-06,480.0,1575615600.0,0.0,519,1006,1,-3,1,15,113,0.0,60,10,1017,0
129,2019-12-06,540.0,1575619200.0,0.0,519,1006,2,-3,2,16,113,0.0,56,10,1017,0
130,2019-12-06,600.0,1575622800.0,0.0,519,1006,3,-2,3,17,113,0.0,52,10,1016,0
131,2019-12-06,660.0,1575626400.0,0.0,519,1006,4,-0,4,17,113,0.0,48,10,1016,0
132,2019-12-06,720.0,1575630000.0,0.0,519,1006,5,1,5,18,113,0.0,45,10,1016,0
133,2019-12-06,780.0,1575633600.0,0.0,519,1006,4,0,4,18,113,0.0,46,10,1015,0
134,2019-12-06,840.0,1575637200.0,0.0,519,1006,3,-1,3,18,113,0.0,48,10,1015,0
135,2019-12-06,900.0,1575640800.0,0.0,519,1006,3,-1,3,17,113,0.0,50,10,1014,0
136,2019-12-06,960.0,1575644400.0,0.0,519,1006,1,-2,2,17,113,0.0,51,10,1014,0
137,2019-12-06,1020.0,1575648000.0,0.0,519,1006,0,-2,1,18,113,0.0,52,10,1014,0
138,2019-12-06,1080.0,1575651600.0,0.0,519,1006,-1,-3,0,18,113,0.0,53,10,1013,0
139,2019-12-06,1140.0,1575655200.0,0.0,519,1006,-3,-3,-1,18,113,0.0,54,10,1013,1
140,2019-12-06,1200.0,1575658800.0,0.0,519,1006,-4,-4,-2,17,113,0.0,54,10,1013,3
141,2019-12-06,1260.0,1575662400.0,0.0,519,1006,-5,-5,-3,17,113,0.0,54,10,1012,4
142,2019-12-06,1320.0,1575666000.0,0.0,519,1006,-4,-4,-2,16,113,0.0,56,10,1012,14
143,2019-12-06,1380.0,1575669600.0,0.0,519,1006,-2,-4,-1,16,116,0.0,58,10,1011,24
144,2019-12-07,0.0,1575673200.0,0.0,520,1005,-1,-3,0,15,116,0.0,60,10,1011,34
145,2019-12-07,60.0,1575676800.0,0.0,520,1005,1,-2,1,18,116,0.0,60,10,1010,42
146,2019-12-07,120.0,1575680400.0,0.0,520,1005,2,-2,2,21,116,0.0,60,10,1009,51
147,2019-12-07,180.0,1575684000.0,0.0,520,1005,4,-1,4,24,116,0.0,60,10,1009,60
148,2019-12-07,240.0,1575687600.0,0.0,520,1005,4,-1,4,24,116,0.0,65,8,1008,70
149,2019-12-07,300.0,1575691200.0,0.0,520,1005,5,0,5,24,119,0.1,71,6,1008,79
150,2019-12-07,360.0,1575694800.0,0.0,520,1005,5,1,5,24,119,0.1,76,5,1008,89
151,2019-12-07,420.0,1575698400.0,0.0,520,1005,6,1,6,24,119,0.1,77,6,1008,92
152,2019-12-07,480.0,1575702000.0,0.0,520,1005,6,2,6,23,266,0.0,77,6,1008,96
153,2019-12-07,540.0,1575705600.0,0.0,520,1005,7,3,7,22,266,0.0,78,7,1008,100
154,2019-12-07,600.0,1575709200.0,0.0,520,1005,7,3,7,23,266,0.0,77,8,1008,100
155,2019-12-07,660.0,1575712800.0,0.0,520,1005,7,4,7,24,122,0.0,76,9,1008,100
156,2019-12-07,720.0,1575716400.0,0.0,520,1005,8,4,8,26,122,0.0,75,10,1008,100
157,2019-12-07,780.0,1575720000.0,0.0,520,1005,8,4,8,26,122,0.0,76,10,1009,98
158,2019-12-07,840.0,1575723600.0,0.0,520,1005,8,4,8,26,122,0.0,78,10,1009,96
159,2019-12-07,900.0,1575727200.0,0.0,520,1005,8,4,8,26,122,0.0,79,10,1009,94
160,2019-12-07,960.0,1575730800.0,0.0,520,1005,8,4,8,25,122,0.0,79,10,1010,94
161,2019-12-07,1020.0,1575734400.0,0.0,520,1005,7,4,7,25,176,0.0,79,10,1010,93
162,2019-12-07,1080.0,1575738000.0,0.0,520,1005,7,3,7,24,176,0.0,79,10,1011,92
163,2019-12-07,1140.0,1575741600.0,0.0,520,1005,7,3,7,24,176,0.0,80,10,1011,94
164,2019-12-07,1200.0,1575745200.0,0.0,520,1005,7,3,7,23,122,0.0,80,10,1012,96
165,2019-12-07,1260.0,1575748800.0,0.0,520,1005,7,3,7,23,122,0.0,80,10,1012,98
166,2019-12-07,1320.0,1575752400.0,0.0,520,1005,7,3,7,22,122,0.0,80,10,1012,95
167,2019-12-07,1380.0,1575756000.0,0.0,520,1005,7,3,7,21,176,0.0,80,10,1013,93
168,2019-12-08,0.0,1575759600.0,0.0,522,1005,7,3,7,19,176,0.0,80,10,1013,90
169,2019-12-08,60.0,1575763200.0,0.0,522,1005,6,3,6,18,176,0.0,80,10,1013,81
170,2019-12-08,120.0,1575766800.0,0.0,522,1005,6,2,6,17,119,0.0,81,10,1013,72
171,2019-12-08,180.0,1575770400.0,0.0,522,1005,5,2,5,15,119,0.0,82,10,1013,63
172,2019-12-08,240.0,1575774000.0,0.0,522,1005,5,2,5,16,119,0.0,82,10,1013,62
173,2019-12-08,300.0,1575777600.0,0.0,522,1005,5,2,5,16,116,0.0,83,10,1013,61
174,2019-12-08,360.0,1575781200.0,0.0,522,1005,5,1,5,16,116,0.0,84,10,1013,59
175,2019-12-08,420.0,1575784800.0,0.0,522,1005,5,2,5,18,116,0.0,81,10,1012,50
176,2019-12-08,480.0,1575788400.0,0.0,522,1005,6,2,6,20,119,0.0,79,10,1012,41
177,2019-12-08,540.0,1575792000.0,0.0,522,1005,6,2,6,22,119,0.0,77,10,1011,32
178,2019-12-08,600.0,1575795600.0,0.0,522,1005,7,3,7,24,119,0.0,74,10,1010,37
179,2019-12-08,660.0,1575799200.0,0.0,522,1005,7,4,7,25,116,0.0,72,10,1009,42
180,2019-12-08,720.0,1575802800.0,0.0,522,1005,8,4,8,26,116,0.0,69,10,1008,47
181,2019-12-08,780.0,1575806400.0,0.0,522,1005,8,4,8,25,116,0.0,69,10,1007,55
182,2019-12-08,840.0,1575810000.0,0.0,522,1005,8,4,8,24,116,0.0,70,10,1007,63
183,2019-12-08,900.0,1575813600.0,0.0,522,1005,8,5,8,23,116,0.0,70,10,1006,71
184,2019-12-08,960.0,1575817200.0,0.0,522,1005,7,4,7,24,116,0.0,71,10,1006,78
185,2019-12-08,1020.0,1575820800.0,0.0,522,1005,6,4,7,25,119,0.0,71,10,1005,85
186,2019-12-08,1080.0,1575824400.0,0.0,522,1005,5,4,6,26,119,0.0,72,10,1005,92
187,2019-12-08,1140.0,1575828000.0,0.0,522,1005,4,3,6,27,119,0.0,73,10,1004,95
188,2019-12-08,1200.0,1575831600.0,0.0,522,1005,2,2,5,28,176,0.2,74,10,1004,97
189,2019-12-08,1260.0,1575835200.0,0.0,522,1005,1,1,4,30,176,0.3,75,9,1004,100
190,2019-12-08,1320.0,1575838800.0,0.0,522,1005,3,2,5,30,176,0.1,76,9,1003,96
191,2019-12-08,1380.0,1575842400.0,0.0,522,1005,5,3,6,29,296,0.1,76,10,1003,92
192,2019-12-09,0.0,1575846000.0,0.0,523,1005,7,4,8,29,296,0.1,76,10,1003,88
193,2019-12-09,60.0,1575849600.0,0.0,523,1005,7,5,8,27,296,0.1,77,10,1002,90
194,2019-12-09,120.0,1575853200.0,0.0,523,1005,8,5,9,26,119,0.0,78,10,1002,92
195,2019-12-09,180.0,1575856800.0,0.0,523,1005,9,6,9,24,119,0.0,79,10,1002,94
196,2019-12-09,240.0,1575860400.0,0.0,523,1005,9,6,9,21,119,0.0,80,10,1002,90
197,2019-12-09,300.0,1575864000.0,0.0,523,1005,9,6,9,19,176,0.0,82,10,1002,86
198,2019-12-09,360.0,1575867600.0,0.0,523,1005,8,6,8,16,176,0.0,83,10,1002,83
199,2019-12-09,420.0,1575871200.0,0.0,523,1005,8,6,8,15,176,0.0,81,10,1003,77
200,2019-12-09,480.0,1575874800.0,0.0,523,1005,8,6,8,14,119,0.0,80,10,1003,71
201,2019-12-09,540.0,1575878400.0,0.0,523,1005,8,6,8,13,119,0.0,78,10,1003,65
202,2019-12-09,600.0,1575882000.0,0.0,523,1005,9,6,9,15,119,0.0,75,10,1003,72
203,2019-12-09,660.0,1575885600.0,0.0,523,1005,9,6,9,17,176,0.0,71,10,1003,79
204,2019-12-09,720.0,1575889200.0,0.0,523,1005,9,6,9,18,176,0.0,68,10,1004,86
205,2019-12-09,780.0,1575892800.0,0.0,523,1005,9,6,9,18,176,0.0,68,10,1003,90
206,2019-12-09,840.0,1575896400.0,0.0,523,1005,8,6,8,17,176,0.0,69,10,1003,95
207,2019-12-09,900.0,1575900000.0,0.0,523,1005,8,5,8,17,176,0.0,69,10,1003,99
208,2019-12-09,960.0,1575903600.0,0.0,523,1005,7,5,7,16,176,0.0,71,10,1003,80
209,2019-12-09,1020.0,1575907200.0,0.0,523,1005,7,4,7,14,122,0.0,74,10,1004,61
210,2019-12-09,1080.0,1575910800.0,0.0,523,1005,6,3,6,13,122,0.0,76,10,1004,43
211,2019-12-09,1140.0,1575914400.0,0.0,523,1005,6,3,6,13,122,0.0,78,10,1004,35
212,2019-12-09,1200.0,1575918000.0,0.0,523,1005,5,2,5,14,116,0.0,79,10,1004,28
213,2019-12-09,1260.0,1575921600.0,0.0,523,1005,5,2,5,14,116,0.0,81,10,1005,20
214,2019-12-09,1320.0,1575925200.0,0.0,523,1005,5,2,5,14,116,0.0,81,10,1006,33
215,2019-12-09,1380.0,1575928800.0,0.0,523,1005,5,1,5,15,116,0.0,82,10,1006,46
216,2019-12-10,0.0,1575932400.0,0.0,524,1005,5,1,5,15,116,0.0,83,10,1007,59
217,2019-12-10,60.0,1575936000.0,0.0,524,1005,5,1,5,17,116,0.0,83,10,1008,60
218,2019-12-10,120.0,1575939600.0,0.0,524,1005,5,1,5,18,119,0.1,82,10,1009,61
219,2019-12-10,180.0,1575943200.0,0.0,524,1005,5,1,5,20,119,0.1,82,10,1011,63
220,2019-12-10,240.0,1575946800.0,0.0,524,1005,5,1,5,21,119,0.0,82,10,1012,64
221,2019-12-10,300.0,1575950400.0,0.0,524,1005,4,-0,4,22,353,0.1,82,10,1013,65
222,2019-12-10,360.0,1575954000.0,0.0,524,1005,4,-1,4,22,353,0.1,83,9,1015,67
223,2019-12-10,420.0,1575957600.0,0.0,524,1005,4,-1,4,24,353,0.1,81,9,1016,60
224,2019-12-10,480.0,1575961200.0,0.0,524,1005,4,-1,4,25,182,0.0,79,10,1017,54
225,2019-12-10,540.0,1575964800.0,0.0,524,1005,3,-2,3,27,182,0.0,77,10,1019,48
226,2019-12-10,600.0,1575968400.0,0.0,524,1005,4,-1,4,27,182,0.0,73,10,1019,39
227,2019-12-10,660.0,1575972000.0,0.0,524,1005,4,-1,4,27,116,0.0,69,10,1020,30
228,2019-12-10,720.0,1575975600.0,0.0,524,1005,4,-1,4,27,116,0.0,65,10,1021,22
229,2019-12-10,780.0,1575979200.0,0.0,524,1005,4,-1,4,24,116,0.0,64,10,1022,16
230,2019-12-10,840.0,1575982800.0,0.0,524,1005,3,-1,3,21,116,0.0,63,10,1023,10
231,2019-12-10,900.0,1575986400.0,0.0,524,1005,3,-1,3,17,116,0.0,62,10,1023,5
232,2019-12-10,960.0,1575990000.0,0.0,524,1005,3,-1,3,15,116,0.0,67,10,1024,3
233,2019-12-10,1020.0,1575993600.0,0.0,524,1005,2,-1,2,13,113,0.0,71,10,1024,2
234,2019-12-10,1080.0,1575997200.0,0.0,524,1005,2,-1,2,11,113,0.0,76,10,1025,0
235,2019-12-10,1140.0,1576000800.0,0.0,524,1005,2,-1,2,10,113,0.0,80,10,1025,0
236,2019-12-10,1200.0,1576004400.0,0.0,524,1005,2,-1,2,9,113,0.0,84,10,1025,0
237,2019-12-10,1260.0,1576008000.0,0.0,524,1005,2,-1,2,9,113,0.0,87,10,1025,0
238,2019-12-10,1320.0,1576011600.0,0.0,524,1005,2,-1,2,9,113,0.0,86,10,1025,0
239,2019-12-10,1380.0,1576015200.0,0.0,524,1005,2,-1,2,8,113,0.0,85,10,1025,0
240,2019-12-11,0.0,1576018800.0,0.0,525,1005,2,-1,2,8,113,0.0,83,10,1025,0
241,2019-12-11,60.0,1576022400.0,0.0,525,1005,1,-2,1,9,113,0.0,80,10,1024,0
242,2019-12-11,120.0,1576026000.0,0.0,525,1005,1,-2,1,11,113,0.0,76,10,1023,0
243,2019-12-11,180.0,1576029600.0,0.0,525,1005,0,-3,0,12,113,0.0,73,10,1023,0
244,2019-12-11,240.0,1576033200.0,0.0,525,1005,0,-4,0,14,113,0.0,71,10,1022,0
245,2019-12-11,300.0,1576036800.0,0.0,525,1005,-0,-5,-0,15,113,0.0,69,10,1022,0
246,2019-12-11,360.0,1576040400.0,0.0,525,1005,-1,-5,-1,17,113,0.0,67,10,1021,0
247,2019-12-11,420.0,1576044000.0,0.0,525,1005,0,-5,0,18,113,0.0,64,10,1020,0
248,2019-12-11,480.0,1576047600.0,0.0,525,1005,1,-4,1,19,113,0.0,60,10,1020,0
249,2019-12-11,540.0,1576051200.0,0.0,525,1005,1,-4,1,21,113,0.0,57,10,1019,0
250,2019-12-11,600.0,1576054800.0,0.0,525,1005,2,-3,2,21,113,0.0,54,10,1018,0
251,2019-12-11,660.0,1576058400.0,0.0,525,1005,3,-2,3,21,113,0.0,51,10,1018,0
252,2019-12-11,720.0,1576062000.0,0.0,525,1005,3,-1,3,21,113,0.0,48,10,1017,0
253,2019-12-11,780.0,1576065600.0,0.0,525,1005,3,-2,3,21,113,0.0,50,10,1016,0
254,2019-12-11,840.0,1576069200.0,0.0,525,1005,2,-2,2,20,113,0.0,51,10,1015,0
255,2019-12-11,900.0,1576072800.0,0.0,525,1005,2,-3,2,20,113,0.0,53,10,1014,0
256,2019-12-11,960.0,1576076400.0,0.0,525,1005,1,-4,1,19,113,0.0,55,10,1013,0
257,2019-12-11,1020.0,1576080000.0,0.0,525,1005,0,-5,0,18,113,0.0,58,10,1013,0
258,2019-12-11,1080.0,1576083600.0,0.0,525,1005,-1,-6,-1,17,113,0.0,60,10,1012,0
259,2019-12-11,1140.0,1576087200.0,0.0,525,1005,-1,-6,-1,16,113,0.0,59,10,1012,2
260,2019-12-11,1200.0,1576090800.0,0.0,525,1005,-1,-6,-1,15,113,0.0,58,10,1011,4
261,2019-12-11,1260.0,1576094400.0,0.0,525,1005,-1,-6,-1,14,113,0.0,57,10,1010,6
262,2019-12-11,1320.0,1576098000.0,0.0,525,1005,-1,-6,-1,15,113,0.0,57,10,1010,27
263,2019-12-11,1380.0,1576101600.0,0.0,525,1005,-1,-5,-1,16,116,0.0,57,10,1009,49
264,2019-12-12,0.0,1576105200.0,0.0,526,1005,-1,-5,-1,16,116,0.0,57,10,1009,70
265,2019-12-12,60.0,1576108800.0,0.0,526,1005,-1,-5,-1,16,116,0.0,58,10,1008,68
266,2019-12-12,120.0,1576112400.0,0.0,526,1005,-1,-6,-1,16,122,0.0,60,10,1008,66
267,2019-12-12,180.0,1576116000.0,0.0,526,1005,-1,-6,-1,17,122,0.0,61,10,1007,64
268,2019-12-12,240.0,1576119600.0,0.0,526,1005,-1,-5,-1,15,122,0.0,64,10,1007,49
269,2019-12-12,300.0,1576123200.0,0.0,526,1005,-1,-5,-1,13,116,0.0,68,10,1007,33
270,2019-12-12,360.0,1576126800.0,0.0,526,1005,-1,-5,-1,12,116,0.0,71,10,1007,18
271,2019-12-12,420.0,1576130400.0,0.0,526,1005,-1,-4,-1,12,116,0.0,70,10,1007,18
272,2019-12-12,480.0,1576134000.0,0.0,526,1005,-0,-4,-0,12,116,0.0,70,10,1007,18
273,2019-12-12,540.0,1576137600.0,0.0,526,1005,0,-3,0,12,116,0.0,69,10,1007,18
274,2019-12-12,600.0,1576141200.0,0.0,526,1005,1,-3,1,12,116,0.0,66,10,1007,24
275,2019-12-12,660.0,1576144800.0,0.0,526,1005,2,-2,2,13,116,0.0,63,10,1007,30
276,2019-12-12,720.0,1576148400.0,0.0,526,1005,3,-1,3,14,116,0.0,60,10,1007,36
277,2019-12-12,780.0,1576152000.0,0.0,526,1005,2,-1,2,13,116,0.0,63,10,1007,37
278,2019-12-12,840.0,1576155600.0,0.0,526,1005,2,-1,2,12,116,0.0,66,10,1006,38
279,2019-12-12,900.0,1576159200.0,0.0,526,1005,2,-2,2,11,116,0.0,69,10,1006,39
280,2019-12-12,960.0,1576162800.0,0.0,526,1005,1,-2,1,10,116,0.0,73,10,1006,38
281,2019-12-12,1020.0,1576166400.0,0.0,526,1005,0,-3,0,9,116,0.0,77,10,1006,37
282,2019-12-12,1080.0,1576170000.0,0.0,526,1005,-0,-3,-0,9,116,0.0,81,10,1005,37
283,2019-12-12,1140.0,1576173600.0,0.0,526,1005,-0,-3,-0,9,116,0.0,82,10,1005,51
284,2019-12-12,1200.0,1576177200.0,0.0,526,1005,-0,-4,-0,9,116,0.0,83,10,1004,65
285,2019-12-12,1260.0,1576180800.0,0.0,526,1005,-1,-4,-1,9,116,0.0,85,10,1004,79
286,2019-12-12,1320.0,1576184400.0,0.0,526,1005,-1,-4,-1,10,116,0.0,85,10,1003,73
287,2019-12-12,1380.0,1576188000.0,0.0,526,1005,-1,-4,-1,11,122,0.0,85,10,1002,68
288,2019-12-13,0.0,1576191600.0,0.0,527,1005,-1,-4,-1,11,122,0.0,86,10,1001,62
289,2019-12-13,60.0,1576195200.0,0.0,527,1005,-0,-4,-0,12,122,0.0,88,10,1000,69
290,2019-12-13,120.0,1576198800.0,0.0,527,1005,-0,-4,-0,14,116,0.0,91,10,999,75
291,2019-12-13,180.0,1576202400.0,0.0,527,1005,0,-4,0,15,116,0.0,93,10,998,81
292,2019-12-13,240.0,1576206000.0,0.0,527,1005,0,-4,0,16,116,0.0,94,10,996,87
293,2019-12-13,300.0,1576209600.0,0.0,527,1005,0,-4,0,16,122,0.0,95,10,995,94
294,2019-12-13,360.0,1576213200.0,0.0,527,1005,1,-4,1,17,122,0.0,97,10,994,100
295,2019-12-13,420.0,1576216800.0,0.0,527,1005,1,-3,1,17,122,0.0,94,10,993,100
296,2019-12-13,480.0,1576220400.0,0.0,527,1005,2,-3,2,17,122,0.0,91,10,991,100
297,2019-12-13,540.0,1576224000.0,0.0,527,1005,2,-2,2,17,122,0.0,88,10,990,100
298,2019-12-13,600.0,1576227600.0,0.0,527,1005,3,-1,3,17,122,0.0,83,10,989,92
299,2019-12-13,660.0,1576231200.0,0.0,527,1005,4,-0,4,17,122,0.0,79,10,988,84
300,2019-12-13,720.0,1576234800.0,0.0,527,1005,5,1,5,18,122,0.0,74,10,987,76
301,2019-12-13,780.0,1576238400.0,0.0,527,1005,4,1,4,16,122,0.0,75,10,987,66
302,2019-12-13,840.0,1576242000.0,0.0,527,1005,4,0,4,15,119,0.0,75,10,986,56
303,2019-12-13,900.0,1576245600.0,0.0,527,1005,3,0,3,13,119,0.0,75,10,986,47
304,2019-12-13,960.0,1576249200.0,0.0,527,1005,3,-1,3,13,119,0.0,77,10,986,42
305,2019-12-13,1020.0,1576252800.0,0.0,527,1005,2,-2,2,12,116,0.0,78,10,987,37
306,2019-12-13,1080.0,1576256400.0,0.0,527,1005,1,-2,1,12,116,0.0,80,10,987,32
307,2019-12-13,1140.0,1576260000.0,0.0,527,1005,0,-3,1,13,116,0.0,81,10,987,34
308,2019-12-13,1200.0,1576263600.0,0.0,527,1005,-1,-3,0,14,116,0.0,83,10,988,37
309,2019-12-13,1260.0,1576267200.0,0.0,527,1005,-2,-3,-1,15,116,0.0,84,10,988,39
310,2019-12-13,1320.0,1576270800.0,0.0,527,1005,-1,-3,-0,16,116,0.0,84,10,989,46
311,2019-12-13,1380.0,1576274400.0,0.0,527,1005,-1,-3,0,17,116,0.0,84,10,989,52
312,2019-12-14,0.0,1576278000.0,0.0,528,1005,0,-3,1,18,116,0.0,84,10,990,59
313,2019-12-14,60.0,1576281600.0,0.0,528,1005,1,-3,1,20,116,0.0,82,10,990,66
314,2019-12-14,120.0,1576285200.0,0.0,528,1005,2,-3,2,21,119,0.0,81,10,990,73
315,2019-12-14,180.0,1576288800.0,0.0,528,1005,2,-3,2,22,119,0.0,80,10,991,80
316,2019-12-14,240.0,1576292400.0,0.0,528,1005,3,-2,3,22,119,0.0,80,10,991,77
317,2019-12-14,300.0,1576296000.0,0.0,528,1005,3,-2,3,22,119,0.0,81,10,991,75
318,2019-12-14,360.0,1576299600.0,0.0,528,1005,3,-1,3,21,119,0.0,81,10,992,73
319,2019-12-14,420.0,1576303200.0,0.0,528,1005,4,-1,4,20,119,0.0,81,10,992,58
320,2019-12-14,480.0,1576306800.0,0.0,528,1005,4,-0,4,19,119,0.0,81,10,993,43
321,2019-12-14,540.0,1576310400.0,0.0,528,1005,4,0,4,18,119,0.0,80,10,994,29
322,2019-12-14,600.0,1576314000.0,0.0,528,1005,5,1,5,20,119,0.0,76,10,994,41
323,2019-12-14,660.0,1576317600.0,0.0,528,1005,5,1,5,22,116,0.0,72,10,994,53
324,2019-12-14,720.0,1576321200.0,0.0,528,1005,5,1,5,23,116,0.0,68,10,994,65
325,2019-12-14,780.0,1576324800.0,0.0,528,1005,6,1,6,26,116,0.0,71,10,994,76
326,2019-12-14,840.0,1576328400.0,0.0,528,1005,6,1,6,28,122,0.2,73,10,994,87
327,2019-12-14,900.0,1576332000.0,0.0,528,1005,6,1,6,30,122,0.3,76,9,994,98
328,2019-12-14,960.0,1576335600.0,0.0,528,1005,6,1,6,30,122,0.1,77,9,995,97
329,2019-12-14,1020.0,1576339200.0,0.0,528,1005,6,1,6,31,296,0.3,78,9,997,97
330,2019-12-14,1080.0,1576342800.0,0.0,528,1005,5,0,5,31,296,0.4,79,9,998,96
331,2019-12-14,1140.0,1576346400.0,0.0,528,1005,5,0,5,27,296,0.2,77,9,999,85
332,2019-12-14,1200.0,1576350000.0,0.0,528,1005,4,0,4,24,296,0.1,75,9,1001,73
333,2019-12-14,1260.0,1576353600.0,0.0,528,1005,4,-0,4,20,296,0.1,73,10,1002,62
334,2019-12-14,1320.0,1576357200.0,0.0,528,1005,4,-0,4,19,296,0.1,73,10,1003,62
335,2019-12-14,1380.0,1576360800.0,0.0,528,1005,4,0,4,18,116,0.0,74,10,1004,63
336,2019-12-15,0.0,1576364400.0,0.0,529,1005,4,0,4,18,116,0.0,75,10,1004,63
337,2019-12-15,60.0,1576368000.0,0.0,529,1005,4,0,4,17,116,0.0,77,10,1005,57
338,2019-12-15,120.0,1576371600.0,0.0,529,1005,4,0,4,16,119,0.0,79,10,1005,51
339,2019-12-15,180.0,1576375200.0,0.0,529,1005,4,1,4,16,119,0.0,82,10,1006,45
340,2019-12-15,240.0,1576378800.0,0.0,529,1005,4,0,4,17,119,0.0,82,10,1006,55
341,2019-12-15,300.0,1576382400.0,0.0,529,1005,4,0,4,18,116,0.0,83,10,1006,65
342,2019-12-15,360.0,1576386000.0,0.0,529,1005,4,0,4,18,116,0.0,84,10,1006,75
343,2019-12-15,420.0,1576389600.0,0.0,529,1005,5,1,5,20,116,0.0,82,9,1006,77
344,2019-12-15,480.0,1576393200.0,0.0,529,1005,6,2,6,21,122,0.1,81,8,1006,79
345,2019-12-15,540.0,1576396800.0,0.0,529,1005,7,3,7,23,122,0.1,79,7,1005,80
346,2019-12-15,600.0,1576400400.0,0.0,529,1005,8,4,8,25,122,0.0,76,6,1005,73
347,2019-12-15,660.0,1576404000.0,0.0,529,1005,9,5,9,28,263,0.1,73,6,1005,66
348,2019-12-15,720.0,1576407600.0,0.0,529,1005,10,7,10,31,263,0.1,69,5,1005,58
349,2019-12-15,780.0,1576411200.0,0.0,529,1005,10,7,10,28,263,0.0,71,6,1006,67
350,2019-12-15,840.0,1576414800.0,0.0,529,1005,10,7,10,26,263,0.0,72,7,1006,75
351,2019-12-15,900.0,1576418400.0,0.0,529,1005,10,7,10,24,263,0.0,74,8,1007,84
352,2019-12-15,960.0,1576422000.0,0.0,529,1005,10,7,10,21,263,0.0,76,9,1008,77
353,2019-12-15,1020.0,1576425600.0,0.0,529,1005,9,7,9,18,176,0.0,77,9,1009,70
354,2019-12-15,1080.0,1576429200.0,0.0,529,1005,9,6,9,15,176,0.0,79,10,1010,63
355,2019-12-15,1140.0,1576432800.0,0.0,529,1005,7,6,8,16,176,0.0,79,10,1011,62
356,2019-12-15,1200.0,1576436400.0,0.0,529,1005,6,5,8,16,116,0.0,79,10,1012,61
357,2019-12-15,1260.0,1576440000.0,0.0,529,1005,5,5,8,17,116,0.0,79,10,1013,60
358,2019-12-15,1320.0,1576443600.0,0.0,529,1005,5,4,8,17,116,0.0,80,10,1013,70
359,2019-12-15,1380.0,1576447200.0,0.0,529,1005,6,4,8,17,119,0.0,82,10,1014,80
360,2019-12-16,0.0,1576450800.0,0.0,529,1005,6,4,7,17,119,0.0,84,10,1014,89
361,2019-12-16,60.0,1576454400.0,0.0,529,1005,6,4,7,15,119,0.0,85,10,1014,86
362,2019-12-16,120.0,1576458000.0,0.0,529,1005,6,4,7,14,122,0.0,86,10,1015,83
363,2019-12-16,180.0,1576461600.0,0.0,529,1005,7,4,7,12,122,0.0,87,10,1015,81
364,2019-12-16,240.0,1576465200.0,0.0,529,1005,6,4,6,11,122,0.0,85,10,1015,66
365,2019-12-16,300.0,1576468800.0,0.0,529,1005,5,3,5,10,119,0.0,84,10,1015,51
366,2019-12-16,360.0,1576472400.0,0.0,529,1005,5,2,5,9,119,0.0,83,10,1015,37
367,2019-12-16,420.0,1576476000.0,0.0,529,1005,5,2,5,10,119,0.0,82,10,1015,32
368,2019-12-16,480.0,1576479600.0,0.0,529,1005,5,3,5,11,116,0.0,81,10,1015,27
369,2019-12-16,540.0,1576483200.0,0.0,529,1005,5,3,5,12,116,0.0,81,10,1015,22
370,2019-12-16,600.0,1576486800.0,0.0,529,1005,6,4,6,12,116,0.0,79,10,1015,29
371,2019-12-16,660.0,1576490400.0,0.0,529,1005,7,5,7,12,116,0.0,77,10,1015,36
372,2019-12-16,720.0,1576494000.0,0.0,529,1005,8,6,8,12,116,0.0,76,10,1015,43
373,2019-12-16,780.0,1576497600.0,0.0,529,1005,8,6,8,12,116,0.0,77,10,1014,45
374,2019-12-16,840.0,1576501200.0,0.0,529,1005,8,6,8,13,116,0.0,78,10,1014,47
375,2019-12-16,900.0,1576504800.0,0.0,529,1005,8,5,8,13,116,0.0,79,10,1013,49
376,2019-12-16,960.0,1576508400.0,0.0,529,1005,7,5,7,13,116,0.0,81,10,1013,40
377,2019-12-16,1020.0,1576512000.0,0.0,529,1005,7,4,7,13,116,0.0,82,10,1013,31
378,2019-12-16,1080.0,1576515600.0,0.0,529,1005,7,4,7,14,116,0.0,84,10,1013,21
379,2019-12-16,1140.0,1576519200.0,0.0,529,1005,6,4,6,13,116,0.0,86,10,1013,17
380,2019-12-16,1200.0,1576522800.0,0.0,529,1005,6,4,6,13,116,0.0,87,10,1012,13
381,2019-12-16,1260.0,1576526400.0,0.0,529,1005,6,4,6,13,116,0.0,88,10,1012,8
382,2019-12-16,1320.0,1576530000.0,0.0,529,1005,6,4,6,12,116,0.0,89,10,1012,8
383,2019-12-16,1380.0,1576533600.0,0.0,529,1005,6,3,6,12,116,0.0,89,10,1012,8
384,2019-12-17,0.0,1576537200.0,0.0,530,1005,6,3,6,12,116,0.0,90,10,1012,9
385,2019-12-17,60.0,1576540800.0,0.0,530,1005,6,3,6,11,116,0.0,90,10,1012,13
386,2019-12-17,120.0,1576544400.0,0.0,530,1005,5,3,5,11,116,0.0,89,10,1012,18
387,2019-12-17,180.0,1576548000.0,0.0,530,1005,5,3,5,10,116,0.0,89,10,1011,22
388,2019-12-17,240.0,1576551600.0,0.0,530,1005,5,3,5,11,116,0.0,88,10,1011,27
389,2019-12-17,300.0,1576555200.0,0.0,530,1005,5,2,5,12,116,0.0,88,10,1011,33
390,2019-12-17,360.0,1576558800.0,0.0,530,1005,5,2,5,12,116,0.0,88,10,1010,38
391,2019-12-17,420.0,1576562400.0,0.0,530,1005,5,2,5,12,116,0.0,88,10,1010,31
392,2019-12-17,480.0,1576566000.0,0.0,530,1005,6,3,6,13,116,0.0,87,10,1010,25
393,2019-12-17,540.0,1576569600.0,0.0,530,1005,6,3,6,13,116,0.0,86,10,1011,18
394,2019-12-17,600.0,1576573200.0,0.0,530,1005,7,5,7,12,116,0.0,85,10,1011,15
395,2019-12-17,660.0,1576576800.0,0.0,530,1005,8,6,8,10,116,0.0,84,10,1011,11
396,2019-12-17,720.0,1576580400.0,0.0,530,1005,9,7,9,9,116,0.0,83,10,1011,8
397,2019-12-17,780.0,1576584000.0,0.0,530,1005,8,7,8,9,116,0.0,84,10,1011,8
398,2019-12-17,840.0,1576587600.0,0.0,530,1005,8,7,8,9,116,0.0,85,10,1011,8
399,2019-12-17,900.0,1576591200.0,0.0,530,1005,8,7,8,9,116,0.0,86,10,1011,8
400,2019-12-17,960.0,1576594800.0,0.0,530,1005,8,7,8,8,116,0.0,87,10,1011,8
401,2019-12-17,1020.0,1576598400.0,0.0,530,1005,8,6,8,8,116,0.0,88,10,1011,8
402,2019-12-17,1080.0,1576602000.0,0.0,530,1005,7,6,7,8,116,0.0,89,10,1011,8
403,2019-12-17,1140.0,1576605600.0,0.0,530,1005,7,6,7,8,116,0.0,89,10,1011,7
404,2019-12-17,1200.0,1576609200.0,0.0,530,1005,7,6,7,7,116,0.0,89,10,1012,7
405,2019-12-17,1260.0,1576612800.0,0.0,530,1005,7,6,7,7,116,0.0,89,10,1012,7
406,2019-12-17,1320.0,1576616400.0,0.0,530,1005,7,5,7,7,116,0.0,89,10,1012,10
407,2019-12-17,1380.0,1576620000.0,0.0,530,1005,7,5,7,7,116,0.0,89,10,1012,12
408,2019-12-18,0.0,1576623600.0,0.0,531,1005,6,5,6,8,116,0.0,89,10,1013,14
409,2019-12-18,60.0,1576627200.0,0.0,531,1005,7,5,7,9,116,0.0,86,10,1013,14
410,2019-12-18,120.0,1576630800.0,0.0,531,1005,7,5,7,11,116,0.0,83,10,1013,15
411,2019-12-18,180.0,1576634400.0,0.0,531,1005,8,6,8,12,116,0.0,79,10,1012,15
412,2019-12-18,240.0,1576638000.0,0.0,531,1005,8,6,8,14,116,0.0,77,10,1013,16
413,2019-12-18,300.0,1576641600.0,0.0,531,1005,8,6,8,15,116,0.0,75,10,1013,17
414,2019-12-18,360.0,1576645200.0,0.0,531,1005,9,6,9,16,116,0.0,73,10,1013,18
415,2019-12-18,420.0,1576648800.0,0.0,531,1005,9,7,9,16,116,0.0,73,10,1014,37
416,2019-12-18,480.0,1576652400.0,0.0,531,1005,9,7,9,16,116,0.0,72,10,1015,55
417,2019-12-18,540.0,1576656000.0,0.0,531,1005,10,7,10,17,116,0.0,72,10,1016,74
418,2019-12-18,600.0,1576659600.0,0.0,531,1005,10,8,10,16,116,0.0,72,10,1016,82
419,2019-12-18,660.0,1576663200.0,0.0,531,1005,10,9,10,15,122,0.0,71,10,1017,91
420,2019-12-18,720.0,1576666800.0,0.0,531,1005,11,9,11,14,122,0.0,71,10,1018,100
421,2019-12-18,780.0,1576670400.0,0.0,531,1005,11,9,11,12,122,0.0,74,10,1018,97
422,2019-12-18,840.0,1576674000.0,0.0,531,1005,10,9,10,11,122,0.0,77,10,1019,94
423,2019-12-18,900.0,1576677600.0,0.0,531,1005,10,9,10,9,122,0.0,80,10,1019,91
424,2019-12-18,960.0,1576681200.0,0.0,531,1005,9,8,9,8,122,0.0,82,10,1020,88
425,2019-12-18,1020.0,1576684800.0,0.0,531,1005,9,8,9,7,119,0.0,85,10,1021,86
426,2019-12-18,1080.0,1576688400.0,0.0,531,1005,9,8,9,5,119,0.0,88,10,1021,83
427,2019-12-18,1140.0,1576692000.0,0.0,531,1005,8,8,8,5,119,0.0,88,10,1022,86
428,2019-12-18,1200.0,1576695600.0,0.0,531,1005,8,8,8,5,119,0.0,88,10,1022,89
429,2019-12-18,1260.0,1576699200.0,0.0,531,1005,8,8,8,5,119,0.0,89,10,1023,92
430,2019-12-18,1320.0,1576702800.0,0.0,531,1005,8,8,8,5,119,0.0,89,10,1023,84
431,2019-12-18,1380.0,1576706400.0,0.0,531,1005,8,7,8,5,122,0.0,88,10,1024,75
432,2019-12-19,0.0,1576710000.0,0.0,532,1006,8,7,8,5,122,0.0,88,10,1024,67
433,2019-12-19,60.0,1576713600.0,0.0,532,1006,7,6,7,7,122,0.0,89,10,1024,52
434,2019-12-19,120.0,1576717200.0,0.0,532,1006,7,5,7,8,116,0.0,90,10,1024,38
435,2019-12-19,180.0,1576720800.0,0.0,532,1006,6,5,6,10,116,0.0,90,10,1023,24
436,2019-12-19,240.0,1576724400.0,0.0,532,1006,6,4,6,10,116,0.0,91,10,1023,22
437,2019-12-19,300.0,1576728000.0,0.0,532,1006,6,3,6,11,116,0.0,91,10,1023,21
438,2019-12-19,360.0,1576731600.0,0.0,532,1006,5,3,5,12,116,0.0,91,10,1023,20
439,2019-12-19,420.0,1576735200.0,0.0,532,1006,6,3,6,12,116,0.0,90,10,1022,18
440,2019-12-19,480.0,1576738800.0,0.0,532,1006,6,3,6,13,116,0.0,89,10,1022,16
441,2019-12-19,540.0,1576742400.0,0.0,532,1006,7,4,7,14,116,0.0,88,10,1022,14
442,2019-12-19,600.0,1576746000.0,0.0,532,1006,7,5,7,14,116,0.0,85,10,1022,12
443,2019-12-19,660.0,1576749600.0,0.0,532,1006,8,6,8,14,116,0.0,83,10,1021,10
444,2019-12-19,720.0,1576753200.0,0.0,532,1006,9,7,9,14,116,0.0,81,10,1020,7
445,2019-12-19,780.0,1576756800.0,0.0,532,1006,9,7,9,15,116,0.0,82,10,1020,22
446,2019-12-19,840.0,1576760400.0,0.0,532,1006,9,7,9,15,116,0.0,83,10,1019,37
447,2019-12-19,900.0,1576764000.0,0.0,532,1006,9,7,9,15,116,0.0,84,10,1018,51
448,2019-12-19,960.0,1576767600.0,0.0,532,1006,9,7,9,15,116,0.0,86,10,1017,48
449,2019-12-19,1020.0,1576771200.0,0.0,532,1006,8,6,8,15,119,0.0,87,10,1017,45
450,2019-12-19,1080.0,1576774800.0,0.0,532,1006,8,6,8,14,119,0.0,88,10,1016,42
451,2019-12-19,1140.0,1576778400.0,0.0,532,1006,8,6,8,13,119,0.0,88,10,1015,35
452,2019-12-19,1200.0,1576782000.0,0.0,532,1006,7,6,8,11,116,0.0,88,10,1015,28
453,2019-12-19,1260.0,1576785600.0,0.0,532,1006,7,6,8,10,116,0.0,88,10,1014,21
454,2019-12-19,1320.0,1576789200.0,0.0,532,1006,7,6,8,12,116,0.0,87,10,1014,19
455,2019-12-19,1380.0,1576792800.0,0.0,532,1006,7,6,8,14,116,0.0,86,10,1013,18
456,2019-12-20,0.0,1576796400.0,0.0,532,1006,8,6,8,15,116,0.0,85,10,1012,16
457,2019-12-20,60.0,1576800000.0,0.0,532,1006,8,5,8,17,116,0.0,83,10,1011,14
458,2019-12-20,120.0,1576803600.0,0.0,532,1006,8,5,8,19,116,0.0,81,10,1010,12
459,2019-12-20,180.0,1576807200.0,0.0,532,1006,8,5,8,21,116,0.0,79,10,1009,11
460,2019-12-20,240.0,1576810800.0,0.0,532,1006,8,5,8,19,116,0.0,79,10,1008,9
461,2019-12-20,300.0,1576814400.0,0.0,532,1006,8,5,8,18,116,0.0,79,10,1007,7
462,2019-12-20,360.0,1576818000.0,0.0,532,1006,8,5,8,17,116,0.0,78,10,1007,6
463,2019-12-20,420.0,1576821600.0,0.0,532,1006,8,6,8,14,116,0.0,78,10,1006,7
464,2019-12-20,480.0,1576825200.0,0.0,532,1006,8,7,8,11,116,0.0,78,10,1005,8
465,2019-12-20,540.0,1576828800.0,0.0,532,1006,9,7,9,9,116,0.0,78,10,1004,8
466,2019-12-20,600.0,1576832400.0,0.0,532,1006,9,8,9,8,116,0.0,76,10,1003,9
467,2019-12-20,660.0,1576836000.0,0.0,532,1006,10,9,10,8,116,0.0,74,10,1002,9
468,2019-12-20,720.0,1576839600.0,0.0,532,1006,11,10,11,7,116,0.0,72,10,1001,9
469,2019-12-20,780.0,1576843200.0,0.0,532,1006,11,10,11,8,116,0.0,72,10,1000,11
470,2019-12-20,840.0,1576846800.0,0.0,532,1006,10,10,10,8,116,0.0,72,10,999,12
471,2019-12-20,900.0,1576850400.0,0.0,532,1006,10,9,10,9,116,0.0,73,10,997,14
472,2019-12-20,960.0,1576854000.0,0.0,532,1006,10,8,10,10,116,0.0,75,10,997,14
473,2019-12-20,1020.0,1576857600.0,0.0,532,1006,9,7,9,11,116,0.0,78,10,996,13
474,2019-12-20,1080.0,1576861200.0,0.0,532,1006,9,7,9,12,116,0.0,81,10,996,13
475,2019-12-20,1140.0,1576864800.0,0.0,532,1006,8,6,8,11,116,0.0,82,10,995,12
476,2019-12-20,1200.0,1576868400.0,0.0,532,1006,7,6,8,11,116,0.0,84,10,995,12
477,2019-12-20,1260.0,1576872000.0,0.0,532,1006,6,5,7,10,116,0.0,85,10,994,11
478,2019-12-20,1320.0,1576875600.0,0.0,532,1006,6,5,7,10,116,0.0,85,10,994,16
479,2019-12-20,1380.0,1576879200.0,0.0,532,1006,6,5,7,10,116,0.0,86,10,994,20
480,2019-12-21,0.0,1576882800.0,0.0,533,1007,7,5,7,10,116,0.0,86,10,994,25
481,2019-12-21,60.0,1576886400.0,0.0,533,1007,7,5,7,10,116,0.0,87,10,994,31
482,2019-12-21,120.0,1576890000.0,0.0,533,1007,7,5,7,10,116,0.0,88,10,994,38
483,2019-12-21,180.0,1576893600.0,0.0,533,1007,7,5,7,10,116,0.0,88,10,994,44
484,2019-12-21,240.0,1576897200.0,0.0,533,1007,7,5,7,10,116,0.0,88,10,994,57
485,2019-12-21,300.0,1576900800.0,0.0,533,1007,7,5,7,10,116,0.0,88,10,994,70
486,2019-12-21,360.0,1576904400.0,0.0,533,1007,7,5,7,10,116,0.0,88,10,994,83
487,2019-12-21,420.0,1576908000.0,0.0,533,1007,7,5,7,12,116,0.0,88,10,995,87
488,2019-12-21,480.0,1576911600.0,0.0,533,1007,8,5,8,13,122,0.3,88,10,995,90
489,2019-12-21,540.0,1576915200.0,0.0,533,1007,8,5,8,14,122,0.4,88,9,995,94
490,2019-12-21,600.0,1576918800.0,0.0,533,1007,8,6,8,14,122,0.2,85,9,996,90
491,2019-12-21,660.0,1576922400.0,0.0,533,1007,9,7,9,14,296,0.4,81,9,996,87
492,2019-12-21,720.0,1576926000.0,0.0,533,1007,9,7,9,14,296,0.6,77,9,996,83
493,2019-12-21,780.0,1576929600.0,0.0,533,1007,9,7,9,11,296,0.3,78,9,996,75
494,2019-12-21,840.0,1576933200.0,0.0,533,1007,9,7,9,9,176,0.1,78,9,996,67
495,2019-12-21,900.0,1576936800.0,0.0,533,1007,8,8,8,7,176,0.2,78,10,996,59
496,2019-12-21,960.0,1576940400.0,0.0,533,1007,8,7,8,6,176,0.1,80,10,995,67
497,2019-12-21,1020.0,1576944000.0,0.0,533,1007,8,7,8,5,116,0.0,81,10,995,75
498,2019-12-21,1080.0,1576947600.0,0.0,533,1007,7,7,7,4,116,0.0,82,10,995,83
499,2019-12-21,1140.0,1576951200.0,0.0,533,1007,7,7,7,4,116,0.0,82,10,994,89
500,2019-12-21,1200.0,1576954800.0,0.0,533,1007,7,7,7,4,122,0.0,83,10,993,94
501,2019-12-21,1260.0,1576958400.0,0.0,533,1007,7,6,7,4,122,0.0,83,10,993,100
502,2019-12-21,1320.0,1576962000.0,0.0,533,1007,7,6,7,3,122,0.0,83,10,992,100
503,2019-12-21,1380.0,1576965600.0,0.0,533,1007,7,6,7,3,122,0.0,84,10,992,100
504,2019-12-22,0.0,1576969200.0,0.0,533,1007,6,6,6,3,122,0.0,84,10,991,100
505,2019-12-22,60.0,1576972800.0,0.0,533,1007,6,6,6,3,122,0.0,84,10,991,98
506,2019-12-22,120.0,1576976400.0,0.0,533,1007,6,6,6,3,122,0.0,85,10,991,97
507,2019-12-22,180.0,1576980000.0,0.0,533,1007,6,5,6,4,122,0.0,85,10,991,95
508,2019-12-22,240.0,1576983600.0,0.0,533,1007,6,5,6,5,122,0.0,86,10,990,96
509,2019-12-22,300.0,1576987200.0,0.0,533,1007,6,5,6,5,122,0.0,87,10,990,96
510,2019-12-22,360.0,1576990800.0,0.0,533,1007,5,4,5,6,122,0.0,88,10,990,96
511,2019-12-22,420.0,1576994400.0,0.0,533,1007,6,4,6,6,122,0.0,87,10,990,97
512,2019-12-22,480.0,1576998000.0,0.0,533,1007,6,4,6,6,122,0.0,87,10,990,98
513,2019-12-22,540.0,1577001600.0,0.0,533,1007,6,4,6,6,122,0.0,87,10,991,99
514,2019-12-22,600.0,1577005200.0,0.0,533,1007,6,5,6,6,122,0.0,85,10,991,85
515,2019-12-22,660.0,1577008800.0,0.0,533,1007,7,6,7,5,122,0.0,83,10,991,71
516,2019-12-22,720.0,1577012400.0,0.0,533,1007,7,6,7,5,122,0.0,82,10,991,57
517,2019-12-22,780.0,1577016000.0,0.0,533,1007,7,6,7,5,122,0.0,83,10,990,48
518,2019-12-22,840.0,1577019600.0,0.0,533,1007,7,6,7,5,116,0.0,84,10,990,39
519,2019-12-22,900.0,1577023200.0,0.0,533,1007,6,6,6,4,116,0.0,86,10,990,29
520,2019-12-22,960.0,1577026800.0,0.0,533,1007,6,6,6,4,116,0.0,87,10,991,28
521,2019-12-22,1020.0,1577030400.0,0.0,533,1007,6,6,6,4,116,0.0,88,10,991,27
522,2019-12-22,1080.0,1577034000.0,0.0,533,1007,5,5,5,3,116,0.0,90,10,991,27
523,2019-12-22,1140.0,1577037600.0,0.0,533,1007,5,5,5,3,116,0.0,90,10,991,43
524,2019-12-22,1200.0,1577041200.0,0.0,533,1007,5,5,5,3,116,0.0,90,10,992,59
525,2019-12-22,1260.0,1577044800.0,0.0,533,1007,5,5,5,3,116,0.0,90,10,992,76
526,2019-12-22,1320.0,1577048400.0,0.0,533,1007,5,5,5,3,116,0.0,90,10,992,84
527,2019-12-22,1380.0,1577052000.0,0.0,533,1007,5,5,5,3,122,0.0,90,10,992,92
528,2019-12-23,0.0,1577055600.0,0.0,534,1008,5,5,5,2,122,0.0,90,10,992,100
529,2019-12-23,60.0,1577059200.0,0.0,534,1008,5,5,5,3,122,0.0,88,10,993,100
530,2019-12-23,120.0,1577062800.0,0.0,534,1008,5,4,5,3,122,0.0,87,10,993,100
531,2019-12-23,180.0,1577066400.0,0.0,534,1008,5,4,5,4,122,0.0,86,10,994,100
532,2019-12-23,240.0,1577070000.0,0.0,534,1008,5,4,5,4,122,0.0,85,8,994,100
533,2019-12-23,300.0,1577073600.0,0.0,534,1008,5,4,5,4,122,0.1,85,6,995,100
534,2019-12-23,360.0,1577077200.0,0.0,534,1008,5,4,5,4,122,0.1,85,5,996,100
535,2019-12-23,420.0,1577080800.0,0.0,534,1008,5,4,5,5,122,0.0,87,5,996,100
536,2019-12-23,480.0,1577084400.0,0.0,534,1008,5,4,5,6,266,0.3,90,6,997,100
537,2019-12-23,540.0,1577088000.0,0.0,534,1008,5,4,5,7,266,0.4,92,7,998,100
538,2019-12-23,600.0,1577091600.0,0.0,534,1008,5,3,5,11,266,0.2,92,7,998,100
539,2019-12-23,660.0,1577095200.0,0.0,534,1008,6,3,6,14,296,0.6,92,8,999,100
540,2019-12-23,720.0,1577098800.0,0.0,534,1008,6,3,6,18,296,0.8,91,9,1000,100
541,2019-12-23,780.0,1577102400.0,0.0,534,1008,6,3,6,21,296,0.4,90,7,1000,100
542,2019-12-23,840.0,1577106000.0,0.0,534,1008,6,2,6,23,296,0.3,89,6,1001,100
543,2019-12-23,900.0,1577109600.0,0.0,534,1008,6,2,6,26,296,0.4,88,4,1002,100
544,2019-12-23,960.0,1577113200.0,0.0,534,1008,6,2,6,27,296,0.2,86,5,1003,100
545,2019-12-23,1020.0,1577116800.0,0.0,534,1008,6,2,6,28,266,0.0,85,6,1004,100
546,2019-12-23,1080.0,1577120400.0,0.0,534,1008,6,2,6,29,266,0.0,83,7,1005,100
547,2019-12-23,1140.0,1577124000.0,0.0,534,1008,6,2,6,28,266,0.0,82,8,1005,100
548,2019-12-23,1200.0,1577127600.0,0.0,534,1008,5,2,6,26,122,0.0,80,9,1006,100
549,2019-12-23,1260.0,1577131200.0,0.0,534,1008,4,2,5,25,122,0.0,79,10,1007,100
550,2019-12-23,1320.0,1577134800.0,0.0,534,1008,4,2,5,25,122,0.0,79,10,1008,100
551,2019-12-23,1380.0,1577138400.0,0.0,534,1008,5,2,6,24,176,0.0,80,10,1009,100
552,2019-12-24,0.0,1577142000.0,0.0,534,1008,5,2,6,24,176,0.0,81,10,1009,100
553,2019-12-24,60.0,1577145600.0,0.0,534,1008,5,2,6,24,176,0.0,83,10,1010,100
554,2019-12-24,120.0,1577149200.0,0.0,534,1008,5,2,6,24,122,0.0,85,10,1011,100
555,2019-12-24,180.0,1577152800.0,0.0,534,1008,5,1,5,23,122,0.0,86,10,1011,100
556,2019-12-24,240.0,1577156400.0,0.0,534,1008,5,1,5,23,122,0.0,87,10,1012,100
557,2019-12-24,300.0,1577160000.0,0.0,534,1008,6,1,6,22,122,0.0,87,10,1012,100
558,2019-12-24,360.0,1577163600.0,0.0,534,1008,6,2,6,22,122,0.0,88,10,1013,100
559,2019-12-24,420.0,1577167200.0,0.0,534,1008,6,2,6,21,122,0.0,86,10,1013,95
560,2019-12-24,480.0,1577170800.0,0.0,534,1008,6,2,6,21,122,0.0,84,10,1013,89
561,2019-12-24,540.0,1577174400.0,0.0,534,1008,6,3,6,20,122,0.0,83,10,1014,84
562,2019-12-24,600.0,1577178000.0,0.0,534,1008,6,3,6,20,122,0.0,81,10,1013,78
563,2019-12-24,660.0,1577181600.0,0.0,534,1008,6,3,6,20,176,0.0,80,10,1013,72
564,2019-12-24,720.0,1577185200.0,0.0,534,1008,7,3,7,19,176,0.0,78,10,1013,66
565,2019-12-24,780.0,1577188800.0,0.0,534,1008,6,3,6,16,176,0.0,80,10,1013,66
566,2019-12-24,840.0,1577192400.0,0.0,534,1008,6,4,6,13,116,0.0,81,10,1012,66
567,2019-12-24,900.0,1577196000.0,0.0,534,1008,6,4,6,10,116,0.0,83,10,1012,66
568,2019-12-24,960.0,1577199600.0,0.0,534,1008,5,4,5,9,116,0.0,84,10,1011,74
569,2019-12-24,1020.0,1577203200.0,0.0,534,1008,5,3,5,8,119,0.0,84,10,1011,81
570,2019-12-24,1080.0,1577206800.0,0.0,534,1008,5,3,5,8,119,0.0,85,10,1010,89
571,2019-12-24,1140.0,1577210400.0,0.0,534,1008,5,3,5,9,119,0.0,85,10,1010,89
572,2019-12-24,1200.0,1577214000.0,0.0,534,1008,5,2,5,10,176,0.0,86,10,1009,89
573,2019-12-24,1260.0,1577217600.0,0.0,534,1008,5,2,5,11,176,0.0,86,10,1009,89
574,2019-12-24,1320.0,1577221200.0,0.0,534,1008,5,2,5,12,176,0.0,87,10,1009,91
575,2019-12-24,1380.0,1577224800.0,0.0,534,1008,5,2,5,12,119,0.2,89,10,1008,93
576,2019-12-25,0.0,1577228400.0,0.0,535,1009,5,2,5,12,119,0.2,91,9,1008,95
577,2019-12-25,60.0,1577232000.0,0.0,535,1009,5,2,5,12,119,0.1,92,9,1008,96
578,2019-12-25,120.0,1577235600.0,0.0,535,1009,4,2,4,11,296,0.3,92,9,1008,98
579,2019-12-25,180.0,1577239200.0,0.0,535,1009,4,2,4,10,296,0.4,93,9,1008,100
580,2019-12-25,240.0,1577242800.0,0.0,535,1009,5,2,5,10,296,0.2,93,9,1008,100
581,2019-12-25,300.0,1577246400.0,0.0,535,1009,5,2,5,11,296,0.3,92,9,1008,100
582,2019-12-25,360.0,1577250000.0,0.0,535,1009,5,3,5,11,296,0.4,92,9,1009,100
583,2019-12-25,420.0,1577253600.0,0.0,535,1009,6,3,6,11,296,0.2,91,7,1009,95
584,2019-12-25,480.0,1577257200.0,0.0,535,1009,6,3,6,12,296,0.2,90,6,1009,90
585,2019-12-25,540.0,1577260800.0,0.0,535,1009,6,4,6,12,296,0.3,89,4,1009,85
586,2019-12-25,600.0,1577264400.0,0.0,535,1009,6,3,6,14,296,0.1,87,4,1009,88
587,2019-12-25,660.0,1577268000.0,0.0,535,1009,6,3,6,15,266,0.1,84,3,1010,90
588,2019-12-25,720.0,1577271600.0,0.0,535,1009,6,3,6,17,266,0.1,82,2,1010,93
589,2019-12-25,780.0,1577275200.0,0.0,535,1009,6,2,6,20,266,0.1,83,2,1010,95
590,2019-12-25,840.0,1577278800.0,0.0,535,1009,6,2,6,22,266,0.1,85,2,1011,98
591,2019-12-25,900.0,1577282400.0,0.0,535,1009,5,1,5,25,266,0.2,86,2,1012,100
592,2019-12-25,960.0,1577286000.0,0.0,535,1009,5,0,5,26,266,0.1,88,4,1012,100
593,2019-12-25,1020.0,1577289600.0,0.0,535,1009,5,-0,5,27,266,0.3,89,5,1013,100
594,2019-12-25,1080.0,1577293200.0,0.0,535,1009,4,-1,4,27,266,0.4,91,7,1014,100
595,2019-12-25,1140.0,1577296800.0,0.0,535,1009,3,-1,4,26,266,0.2,91,6,1015,100
596,2019-12-25,1200.0,1577300400.0,0.0,535,1009,2,-1,4,24,296,0.2,90,5,1016,100
597,2019-12-25,1260.0,1577304000.0,0.0,535,1009,1,-0,3,22,296,0.3,90,4,1017,100
598,2019-12-25,1320.0,1577307600.0,0.0,535,1009,2,-0,3,21,296,0.1,90,4,1018,100
599,2019-12-25,1380.0,1577311200.0,0.0,535,1009,2,0,3,19,266,0.1,91,3,1018,100
600,2019-12-26,0.0,1577314800.0,0.0,535,1010,3,0,4,18,266,0.2,91,2,1019,100
601,2019-12-26,60.0,1577318400.0,0.0,535,1010,3,0,4,18,266,0.1,91,4,1020,100
602,2019-12-26,120.0,1577322000.0,0.0,535,1010,4,0,4,19,266,0.3,90,5,1020,100
603,2019-12-26,180.0,1577325600.0,0.0,535,1010,4,0,4,19,266,0.4,90,7,1020,100
604,2019-12-26,240.0,1577329200.0,0.0,535,1010,4,0,4,20,266,0.2,89,7,1021,100
605,2019-12-26,300.0,1577332800.0,0.0,535,1010,4,0,4,20,296,0.5,88,8,1021,100
606,2019-12-26,360.0,1577336400.0,0.0,535,1010,4,-0,4,21,296,0.6,88,9,1021,100
607,2019-12-26,420.0,1577340000.0,0.0,535,1010,4,-0,4,20,296,0.3,86,9,1021,100
608,2019-12-26,480.0,1577343600.0,0.0,535,1010,4,0,4,19,317,0.2,85,9,1022,100
609,2019-12-26,540.0,1577347200.0,0.0,535,1010,4,0,4,19,317,0.2,84,10,1022,100
610,2019-12-26,600.0,1577350800.0,0.0,535,1010,4,0,4,19,317,0.1,85,10,1022,100
611,2019-12-26,660.0,1577354400.0,0.0,535,1010,4,0,4,19,122,0.0,86,10,1022,100
612,2019-12-26,720.0,1577358000.0,0.0,535,1010,4,0,4,20,122,0.0,87,10,1023,100
613,2019-12-26,780.0,1577361600.0,0.0,535,1010,4,0,4,19,122,0.0,88,10,1023,100
614,2019-12-26,840.0,1577365200.0,0.0,535,1010,4,0,4,19,122,0.0,89,10,1023,100
615,2019-12-26,900.0,1577368800.0,0.0,535,1010,4,0,4,18,122,0.0,90,10,1023,100
616,2019-12-26,960.0,1577372400.0,0.0,535,1010,4,0,4,18,122,0.0,90,10,1023,100
617,2019-12-26,1020.0,1577376000.0,0.0,535,1010,4,-0,4,18,176,0.1,90,10,1023,100
618,2019-12-26,1080.0,1577379600.0,0.0,535,1010,4,-0,4,18,176,0.1,90,9,1023,100
619,2019-12-26,1140.0,1577383200.0,0.0,535,1010,4,-0,4,18,176,0.0,89,9,1023,100
620,2019-12-26,1200.0,1577386800.0,0.0,535,1010,4,-0,4,18,317,0.1,89,9,1023,100
621,2019-12-26,1260.0,1577390400.0,0.0,535,1010,4,-0,4,18,317,0.1,88,9,1023,100
622,2019-12-26,1320.0,1577394000.0,0.0,535,1010,4,-0,4,18,317,0.0,87,9,1023,100
623,2019-12-26,1380.0,1577397600.0,0.0,535,1010,4,-0,4,18,317,0.0,87,9,1023,100
624,2019-12-27,0.0,1577401200.0,1.0,535,1010,4,-0,4,17,317,0.0,86,10,1023,100
625,2019-12-27,60.0,1577404800.0,1.0,535,1010,4,-0,4,18,317,0.0,87,10,1023,100
626,2019-12-27,120.0,1577408400.0,1.0,535,1010,4,-1,4,19,122,0.1,88,9,1023,100
627,2019-12-27,180.0,1577412000.0,1.0,535,1010,3,-1,3,19,122,0.2,89,9,1023,100
628,2019-12-27,240.0,1577415600.0,1.0,535,1010,3,-1,3,19,122,0.1,90,8,1023,100
629,2019-12-27,300.0,1577419200.0,1.0,535,1010,3,-1,3,19,317,0.6,90,6,1023,100
630,2019-12-27,360.0,1577422800.0,1.0,535,1010,3,-1,3,19,317,0.8,91,4,1023,100
631,2019-12-27,420.0,1577426400.0,1.0,535,1010,3,-1,3,18,317,0.4,90,4,1023,97
632,2019-12-27,480.0,1577430000.0,1.0,535,1010,3,-1,3,17,338,0.3,89,4,1024,94
633,2019-12-27,540.0,1577433600.0,1.0,535,1010,3,-1,3,16,338,0.4,88,4,1024,91
634,2019-12-27,600.0,1577437200.0,1.0,535,1010,3,-1,3,16,338,0.2,86,5,1024,93
635,2019-12-27,660.0,1577440800.0,1.0,535,1010,3,-1,3,16,332,0.0,85,7,1025,94
636,2019-12-27,720.0,1577444400.0,1.0,535,1010,3,-1,3,17,332,0.0,83,8,1026,96
637,2019-12-27,780.0,1577448000.0,1.0,535,1010,3,-1,3,17,332,0.0,84,8,1026,97
638,2019-12-27,840.0,1577451600.0,1.0,535,1010,3,-1,3,17,122,0.0,86,8,1027,99
639,2019-12-27,900.0,1577455200.0,1.0,535,1010,3,-1,3,17,122,0.0,87,8,1027,100
640,2019-12-27,960.0,1577458800.0,1.0,535,1010,3,-2,3,17,122,0.0,86,7,1028,97
641,2019-12-27,1020.0,1577462400.0,1.0,535,1010,2,-2,2,18,371,0.0,85,6,1029,94
642,2019-12-27,1080.0,1577466000.0,1.0,535,1010,2,-2,2,19,371,0.0,84,6,1029,90
643,2019-12-27,1140.0,1577469600.0,1.0,535,1010,2,-3,2,20,371,0.0,82,7,1030,92
644,2019-12-27,1200.0,1577473200.0,1.0,535,1010,2,-3,2,20,332,0.0,80,7,1031,94
645,2019-12-27,1260.0,1577476800.0,1.0,535,1010,2,-3,2,21,332,0.0,78,8,1031,95
646,2019-12-27,1320.0,1577480400.0,1.0,535,1010,2,-3,2,21,332,0.0,79,9,1032,89
647,2019-12-27,1380.0,1577484000.0,1.0,535,1010,1,-4,1,21,368,0.0,80,9,1033,82
648,2019-12-28,0.0,1577487600.0,0.3,535,1011,1,-5,1,21,368,0.0,81,10,1034,76
649,2019-12-28,60.0,1577491200.0,0.3,535,1011,0,-5,0,22,368,0.0,82,10,1034,80
650,2019-12-28,120.0,1577494800.0,0.3,535,1011,0,-5,0,23,119,0.0,84,10,1034,84
651,2019-12-28,180.0,1577498400.0,0.3,535,1011,0,-6,0,23,119,0.0,85,10,1035,88
652,2019-12-28,240.0,1577502000.0,0.3,535,1011,0,-6,0,24,119,0.0,85,10,1035,91
653,2019-12-28,300.0,1577505600.0,0.3,535,1011,0,-6,0,24,326,0.0,85,10,1035,93
654,2019-12-28,360.0,1577509200.0,0.3,535,1011,0,-6,0,24,326,0.0,86,10,1035,96
655,2019-12-28,420.0,1577512800.0,0.3,535,1011,0,-6,0,24,326,0.0,84,10,1036,96
656,2019-12-28,480.0,1577516400.0,0.3,535,1011,0,-6,0,24,326,0.0,82,10,1036,95
657,2019-12-28,540.0,1577520000.0,0.3,535,1011,0,-6,0,24,326,0.0,80,10,1037,94
658,2019-12-28,600.0,1577523600.0,0.3,535,1011,0,-5,0,24,326,0.0,79,10,1037,95
659,2019-12-28,660.0,1577527200.0,0.3,535,1011,1,-5,1,24,326,0.0,77,10,1038,95
660,2019-12-28,720.0,1577530800.0,0.3,535,1011,1,-5,1,23,326,0.0,76,10,1038,95
661,2019-12-28,780.0,1577534400.0,0.3,535,1011,1,-5,1,22,326,0.0,77,9,1038,90
662,2019-12-28,840.0,1577538000.0,0.3,535,1011,1,-4,1,21,368,0.0,78,9,1038,84
663,2019-12-28,900.0,1577541600.0,0.3,535,1011,1,-4,1,20,368,0.0,79,8,1039,79
664,2019-12-28,960.0,1577545200.0,0.3,535,1011,1,-4,1,19,368,0.0,80,8,1039,77
665,2019-12-28,1020.0,1577548800.0,0.3,535,1011,0,-5,0,18,371,0.1,81,7,1039,74
666,2019-12-28,1080.0,1577552400.0,0.3,535,1011,0,-5,0,18,371,0.1,83,7,1040,72
667,2019-12-28,1140.0,1577556000.0,0.3,535,1011,0,-5,0,17,371,0.0,82,8,1040,78
668,2019-12-28,1200.0,1577559600.0,0.3,535,1011,-0,-5,-0,17,371,0.0,82,8,1040,84
669,2019-12-28,1260.0,1577563200.0,0.3,535,1011,-0,-5,-0,16,371,0.0,81,9,1040,91
670,2019-12-28,1320.0,1577566800.0,0.3,535,1011,-1,-5,-1,16,371,0.0,82,9,1040,94
671,2019-12-28,1380.0,1577570400.0,0.3,535,1011,-1,-5,-1,16,326,0.0,83,10,1041,97
672,2019-12-29,0.0,1577574000.0,0.3,535,1012,-1,-6,-1,15,326,0.0,84,10,1041,100
673,2019-12-29,60.0,1577577600.0,0.3,535,1012,-1,-5,-1,15,326,0.0,84,10,1041,99
674,2019-12-29,120.0,1577581200.0,0.3,535,1012,-1,-5,-1,14,326,0.0,84,10,1041,98
675,2019-12-29,180.0,1577584800.0,0.3,535,1012,-1,-5,-1,13,326,0.0,85,10,1041,97
676,2019-12-29,240.0,1577588400.0,0.3,535,1012,-1,-5,-1,12,326,0.0,85,10,1040,98
677,2019-12-29,300.0,1577592000.0,0.3,535,1012,-1,-5,-1,12,368,0.0,85,10,1040,98
678,2019-12-29,360.0,1577595600.0,0.3,535,1012,-1,-5,-1,12,368,0.0,85,10,1040,99
679,2019-12-29,420.0,1577599200.0,0.3,535,1012,-1,-4,-1,11,368,0.0,85,10,1040,93
680,2019-12-29,480.0,1577602800.0,0.3,535,1012,-0,-4,-0,10,368,0.0,84,10,1041,88
681,2019-12-29,540.0,1577606400.0,0.3,535,1012,-0,-4,-0,10,368,0.0,84,10,1041,82
682,2019-12-29,600.0,1577610000.0,0.3,535,1012,0,-3,0,9,368,0.0,82,10,1041,85
683,2019-12-29,660.0,1577613600.0,0.3,535,1012,0,-2,0,8,119,0.0,80,10,1040,88
684,2019-12-29,720.0,1577617200.0,0.3,535,1012,1,-2,1,8,119,0.0,78,10,1040,91
685,2019-12-29,780.0,1577620800.0,0.3,535,1012,1,-1,1,7,119,0.0,79,10,1040,80
686,2019-12-29,840.0,1577624400.0,0.3,535,1012,0,-1,0,6,326,0.0,80,10,1040,70
687,2019-12-29,900.0,1577628000.0,0.3,535,1012,0,-1,0,5,326,0.0,81,10,1040,59
688,2019-12-29,960.0,1577631600.0,0.3,535,1012,0,-1,0,5,326,0.0,82,10,1040,49
689,2019-12-29,1020.0,1577635200.0,0.3,535,1012,-0,-2,-0,5,116,0.0,83,10,1040,40
690,2019-12-29,1080.0,1577638800.0,0.3,535,1012,-0,-2,-0,5,116,0.0,83,10,1040,31
691,2019-12-29,1140.0,1577642400.0,0.3,535,1012,-0,-2,-0,6,116,0.0,83,10,1039,28
692,2019-12-29,1200.0,1577646000.0,0.3,535,1012,-0,-3,-0,7,116,0.0,82,10,1039,25
693,2019-12-29,1260.0,1577649600.0,0.3,535,1012,-1,-3,-1,8,116,0.0,82,10,1039,22
694,2019-12-29,1320.0,1577653200.0,0.3,535,1012,-1,-4,-1,9,116,0.0,80,10,1039,27
695,2019-12-29,1380.0,1577656800.0,0.3,535,1012,-1,-4,-1,9,116,0.0,78,10,1038,32
696,2019-12-30,0.0,1577660400.0,0.0,536,1013,-1,-4,-1,10,116,0.0,77,10,1038,38
697,2019-12-30,60.0,1577664000.0,0.0,536,1013,-0,-4,-0,10,116,0.0,73,10,1038,51
698,2019-12-30,120.0,1577667600.0,0.0,536,1013,0,-3,0,10,116,0.0,70,10,1037,65
699,2019-12-30,180.0,1577671200.0,0.0,536,1013,0,-3,0,10,116,0.0,67,10,1037,79
700,2019-12-30,240.0,1577674800.0,0.0,536,1013,1,-2,1,10,116,0.0,64,10,1036,73
701,2019-12-30,300.0,1577678400.0,0.0,536,1013,1,-2,1,10,122,0.0,62,10,1035,67
702,2019-12-30,360.0,1577682000.0,0.0,536,1013,2,-1,2,10,122,0.0,59,10,1035,61
703,2019-12-30,420.0,1577685600.0,0.0,536,1013,2,-1,2,10,122,0.0,58,10,1034,60
704,2019-12-30,480.0,1577689200.0,0.0,536,1013,3,-0,3,10,116,0.0,56,10,1034,60
705,2019-12-30,540.0,1577692800.0,0.0,536,1013,3,0,3,10,116,0.0,54,10,1034,59
706,2019-12-30,600.0,1577696400.0,0.0,536,1013,4,1,4,10,116,0.0,53,10,1033,57
707,2019-12-30,660.0,1577700000.0,0.0,536,1013,5,2,5,11,119,0.0,52,10,1032,55
708,2019-12-30,720.0,1577703600.0,0.0,536,1013,5,3,5,11,119,0.0,51,10,1032,54
709,2019-12-30,780.0,1577707200.0,0.0,536,1013,5,3,5,11,119,0.0,52,10,1031,56
710,2019-12-30,840.0,1577710800.0,0.0,536,1013,5,2,5,12,116,0.0,53,10,1030,58
711,2019-12-30,900.0,1577714400.0,0.0,536,1013,5,2,5,12,116,0.0,54,10,1030,60
712,2019-12-30,960.0,1577718000.0,0.0,536,1013,4,1,4,12,116,0.0,54,10,1029,58
713,2019-12-30,1020.0,1577721600.0,0.0,536,1013,4,0,4,13,119,0.0,55,10,1029,57
714,2019-12-30,1080.0,1577725200.0,0.0,536,1013,3,-1,3,14,119,0.0,55,10,1029,56
715,2019-12-30,1140.0,1577728800.0,0.0,536,1013,2,-0,3,13,119,0.0,55,10,1028,44
716,2019-12-30,1200.0,1577732400.0,0.0,536,1013,2,-0,3,13,116,0.0,55,10,1027,32
717,2019-12-30,1260.0,1577736000.0,0.0,536,1013,1,0,3,13,116,0.0,54,10,1027,20
718,2019-12-30,1320.0,1577739600.0,0.0,536,1013,2,-0,3,13,116,0.0,55,10,1026,14
719,2019-12-30,1380.0,1577743200.0,0.0,536,1013,2,-0,3,13,116,0.0,56,10,1026,8
720,2019-12-31,0.0,1577746800.0,0.0,536,1014,2,-0,3,13,116,0.0,56,10,1025,2
721,2019-12-31,60.0,1577750400.0,0.0,536,1014,2,-0,3,14,116,0.0,55,10,1025,1
722,2019-12-31,120.0,1577754000.0,0.0,536,1014,3,-1,3,15,113,0.0,55,10,1024,1
723,2019-12-31,180.0,1577757600.0,0.0,536,1014,3,-1,3,16,113,0.0,54,10,1024,0
724,2019-12-31,240.0,1577761200.0,0.0,536,1014,3,-1,3,17,113,0.0,54,10,1023,20
725,2019-12-31,300.0,1577764800.0,0.0,536,1014,3,-1,3,19,113,0.0,53,10,1023,39
726,2019-12-31,360.0,1577768400.0,0.0,536,1014,3,-2,3,20,113,0.0,53,10,1023,59
727,2019-12-31,420.0,1577772000.0,0.0,536,1014,3,-2,3,23,113,0.0,57,10,1023,72
728,2019-12-31,480.0,1577775600.0,0.0,536,1014,3,-2,3,26,122,0.0,61,10,1023,84
729,2019-12-31,540.0,1577779200.0,0.0,536,1014,3,-2,3,29,122,0.0,65,10,1024,96
730,2019-12-31,600.0,1577782800.0,0.0,536,1014,4,-1,4,30,122,0.0,68,10,1024,92
731,2019-12-31,660.0,1577786400.0,0.0,536,1014,5,-1,5,31,122,0.0,70,10,1025,89
732,2019-12-31,720.0,1577790000.0,0.0,536,1014,5,0,5,32,122,0.0,72,10,1026,85
733,2019-12-31,780.0,1577793600.0,0.0,536,1014,5,0,5,31,122,0.0,73,10,1026,87
734,2019-12-31,840.0,1577797200.0,0.0,536,1014,5,1,5,30,119,0.0,73,10,1027,90
735,2019-12-31,900.0,1577800800.0,0.0,536,1014,6,1,6,30,119,0.0,74,10,1027,92
736,2019-12-31,960.0,1577804400.0,0.0,536,1014,5,1,5,29,119,0.0,74,10,1028,95
737,2019-12-31,1020.0,1577808000.0,0.0,536,1014,5,1,5,28,122,0.0,74,10,1028,97
738,2019-12-31,1080.0,1577811600.0,0.0,536,1014,5,1,5,27,122,0.0,74,10,1029,100
739,2019-12-31,1140.0,1577815200.0,0.0,536,1014,5,0,5,26,122,0.0,74,10,1030,95
740,2019-12-31,1200.0,1577818800.0,0.0,536,1014,5,0,5,25,122,0.0,74,10,1030,90
741,2019-12-31,1260.0,1577822400.0,0.0,536,1014,5,0,5,24,122,0.0,74,10,1031,84
742,2019-12-31,1320.0,1577826000.0,0.0,536,1014,4,-0,4,22,122,0.0,76,10,1031,70
743,2019-12-31,1380.0,1577829600.0,0.0,536,1014,4,-1,4,21,119,0.0,79,10,1032,56
